2026-06-11_15-21-08,100,main.go:2026-06-11_15-21-08;queue.go:2026-06-11_15-21-08
2026-06-11_15-51-26,0,main.go:2026-06-11_15-51-26;stack.go:2026-06-11_15-51-26
2026-06-11_15-52-01,0,main.go:2026-06-11_15-52-01;stack.go:2026-06-11_15-51-26
2026-06-11_15-52-10,0,main.go:2026-06-11_15-52-10;stack.go:2026-06-11_15-51-26
2026-06-11_15-52-24,0,main.go:2026-06-11_15-52-24;stack.go:2026-06-11_15-51-26
2026-06-11_15-52-35,0,main.go:2026-06-11_15-52-35;stack.go:2026-06-11_15-51-26
2026-06-11_15-52-42,0,main.go:2026-06-11_15-52-42;stack.go:2026-06-11_15-51-26
2026-06-11_15-54-06,20,main.go:2026-06-11_15-54-06;stack.go:2026-06-11_15-51-26
2026-06-11_15-55-36,0,main.go:2026-06-11_15-55-36;stack.go:2026-06-11_15-51-26
2026-06-11_15-56-00,0,main.go:2026-06-11_15-56-00;stack.go:2026-06-11_15-51-26
2026-06-11_15-56-12,20,main.go:2026-06-11_15-56-12;stack.go:2026-06-11_15-51-26
2026-06-11_15-57-42,0,main.go:2026-06-11_15-57-42;stack.go:2026-06-11_15-51-26
2026-06-11_15-58-03,0,main.go:2026-06-11_15-58-03;stack.go:2026-06-11_15-51-26
2026-06-11_15-58-10,20,main.go:2026-06-11_15-58-10;stack.go:2026-06-11_15-51-26
2026-06-11_15-58-16,0,main.go:2026-06-11_15-58-16;stack.go:2026-06-11_15-51-26
2026-06-11_15-58-37,0,main.go:2026-06-11_15-58-16;stack.go:2026-06-11_15-51-26
2026-06-11_15-58-38,0,main.go:2026-06-11_15-58-16;stack.go:2026-06-11_15-51-26
2026-06-11_15-58-41,20,main.go:2026-06-11_15-58-41;stack.go:2026-06-11_15-51-26
2026-06-11_15-58-54,0,main.go:2026-06-11_15-58-54;stack.go:2026-06-11_15-51-26
2026-06-11_15-59-18,20,main.go:2026-06-11_15-59-18;stack.go:2026-06-11_15-51-26
2026-06-11_16-02-20,100,main.go:2026-06-11_16-02-20;stack.go:2026-06-11_15-51-26
2026-06-11_16-02-35,100,main.go:2026-06-11_16-02-20;stack.go:2026-06-11_15-51-26
2026-06-11_19-32-41,0,main.go:2026-06-11_19-32-41;stack.go:2026-06-11_15-51-26
2026-06-11_19-32-52,0,main.go:2026-06-11_19-32-52;stack.go:2026-06-11_15-51-26
2026-06-11_19-33-53,0,main.go:2026-06-11_19-33-53;stack.go:2026-06-11_15-51-26
2026-06-11_19-35-15,0,main.go:2026-06-11_19-35-15;stack.go:2026-06-11_15-51-26
2026-06-11_19-35-35,0,main.go:2026-06-11_19-35-35;stack.go:2026-06-11_15-51-26
2026-06-11_19-35-39,0,main.go:2026-06-11_19-35-39;stack.go:2026-06-11_15-51-26
2026-06-11_19-36-41,0,main.go:2026-06-11_19-36-41;stack.go:2026-06-11_15-51-26
2026-06-11_19-36-55,0,main.go:2026-06-11_19-36-55;stack.go:2026-06-11_15-51-26
2026-06-11_19-39-17,0,main.go:2026-06-11_19-39-17;stack.go:2026-06-11_15-51-26
2026-06-11_19-39-54,0,main.go:2026-06-11_19-39-54;stack.go:2026-06-11_15-51-26
2026-06-11_19-39-59,0,main.go:2026-06-11_19-39-59;stack.go:2026-06-11_15-51-26
2026-06-11_19-44-57,0,main.go:2026-06-11_19-39-59;stack.go:2026-06-11_15-51-26
2026-06-11_19-45-04,100,main.go:2026-06-11_19-45-04;stack.go:2026-06-11_15-51-26
2026-06-11_19-45-11,100,main.go:2026-06-11_19-45-04;stack.go:2026-06-11_15-51-26
2026-06-11_19-45-14,100,main.go:2026-06-11_19-45-14;queue.go:2026-06-11_15-21-08
2026-06-11_19-45-18,100,main.go:2026-06-11_19-45-18;stack.go:2026-06-11_15-51-26
2026-06-11_19-45-21,100,main.go:2026-06-11_19-45-18;stack.go:2026-06-11_15-51-26
2026-06-11_19-45-31,100,main.go:2026-06-11_19-45-18;stack.go:2026-06-11_15-51-26
2026-06-11_19-45-38,100,main.go:2026-06-11_19-45-18;stack.go:2026-06-11_15-51-26
2026-06-11_19-45-41,100,main.go:2026-06-11_19-45-18;stack.go:2026-06-11_15-51-26
2026-06-11_19-45-43,100,main.go:2026-06-11_19-45-18;stack.go:2026-06-11_15-51-26
