2026-04-28_16-34-12,0,main.go:2026-04-28_16-34-12
2026-04-29_08-12-49,0,main.go:2026-04-29_08-12-49
2026-04-29_10-20-22,0,main.go:2026-04-29_10-20-22
2026-04-29_10-20-32,0,main.go:2026-04-29_10-20-22
2026-04-29_10-22-37,0,main.go:2026-04-29_10-22-37
2026-04-29_10-22-39,0,main.go:2026-04-29_10-22-37
2026-04-29_10-27-45,0,main.go:2026-04-29_10-22-37
2026-04-29_10-27-48,0,main.go:2026-04-29_10-22-37
2026-04-29_10-28-01,0,main.go:2026-04-29_10-28-01
2026-04-29_10-28-13,0,main.go:2026-04-29_10-28-01
2026-04-29_10-28-25,---,main.go:2026-04-29_10-28-01
2026-04-29_10-28-38,---,main.go:2026-04-29_10-28-01
2026-04-29_10-29-31,0,main.go:2026-04-29_10-28-01
2026-04-29_10-29-38,---,main.go:2026-04-29_10-28-01
2026-04-29_15-03-30,0,main.go:2026-04-29_15-03-30
2026-04-29_15-03-55,0,main.go:2026-04-29_15-03-55
2026-04-29_15-09-25,66,main.go:2026-04-29_15-09-25
2026-04-29_15-11-04,100,main.go:2026-04-29_15-11-04
