2026-06-08_08-39-15,0,main.go:2026-06-08_08-39-15
2026-06-08_08-40-24,0,main.go:2026-06-08_08-39-15
2026-06-08_08-40-31,---,main.go:2026-06-08_08-39-15
2026-06-08_08-41-03,---,main.go:2026-06-08_08-41-03
2026-06-08_08-45-50,---,main.go:2026-06-08_08-45-50
2026-06-08_10-40-08,0,main.go:2026-06-08_10-40-08
2026-06-08_10-41-07,0,main.go:2026-06-08_10-41-07
2026-06-08_10-41-26,33,main.go:2026-06-08_10-41-26
2026-06-08_10-44-04,33,main.go:2026-06-08_10-44-04
2026-06-08_10-44-24,---,main.go:2026-06-08_10-44-04
2026-06-08_10-45-31,33,main.go:2026-06-08_10-45-31
2026-06-08_10-45-35,---,main.go:2026-06-08_10-45-31
2026-06-08_10-46-26,66,main.go:2026-06-08_10-46-26
2026-06-08_10-46-32,---,main.go:2026-06-08_10-46-26
2026-06-08_10-46-44,66,main.go:2026-06-08_10-46-26
2026-06-08_10-47-00,66,main.go:2026-06-08_10-46-26
2026-06-08_10-47-13,---,main.go:2026-06-08_10-46-26
2026-06-08_10-52-23,66,main.go:2026-06-08_10-52-23
2026-06-08_10-52-27,---,main.go:2026-06-08_10-52-23
2026-06-08_11-01-14,33,main.go:2026-06-08_11-01-14
2026-06-08_11-01-18,---,main.go:2026-06-08_11-01-14
2026-06-09_13-41-13,66,main.go:2026-06-09_13-41-13
2026-06-09_13-41-21,---,main.go:2026-06-09_13-41-13
