2026-03-26_19-50-11,28,shell.go:2026-03-26_19-50-11
2026-03-26_19-50-25,---,shell.go:2026-03-26_19-50-11
2026-03-26_19-51-40,28,shell.go:2026-03-26_19-50-11
2026-03-26_19-51-44,28,shell.go:2026-03-26_19-50-11
2026-03-26_19-51-45,0,shell.go:2026-03-26_19-50-11
2026-03-26_19-51-46,0,shell.go:2026-03-26_19-50-11
2026-03-26_19-51-51,0,shell.go:2026-03-26_19-50-11
2026-03-26_19-51-53,28,shell.go:2026-03-26_19-50-11
2026-03-26_19-51-58,28,shell.go:2026-03-26_19-50-11
2026-03-27_18-53-31,42,shell.go:2026-03-27_18-53-31
2026-03-27_18-57-40,42,shell.go:2026-03-27_18-57-40
2026-03-27_18-58-05,57,shell.go:2026-03-27_18-58-05
2026-03-27_19-00-16,57,shell.go:2026-03-27_19-00-16
2026-03-27_19-01-09,57,shell.go:2026-03-27_19-01-09
2026-03-27_19-01-33,57,shell.go:2026-03-27_19-01-33
2026-03-27_19-02-08,57,shell.go:2026-03-27_19-02-08
2026-03-27_19-02-17,71,shell.go:2026-03-27_19-02-17
2026-03-27_19-03-25,71,shell.go:2026-03-27_19-03-25
2026-03-27_19-04-26,57,shell.go:2026-03-27_19-04-26
2026-03-27_19-05-03,71,shell.go:2026-03-27_19-05-03
2026-03-27_19-05-11,57,shell.go:2026-03-27_19-05-11
2026-03-27_19-09-32,57,shell.go:2026-03-27_19-09-32
2026-03-27_19-10-16,71,shell.go:2026-03-27_19-10-16
2026-03-27_19-14-54,71,shell.go:2026-03-27_19-14-54
2026-03-27_19-16-29,71,shell.go:2026-03-27_19-16-29
2026-03-27_19-18-09,71,shell.go:2026-03-27_19-18-09
2026-03-27_19-18-16,57,shell.go:2026-03-27_19-18-16
2026-03-27_19-18-40,71,shell.go:2026-03-27_19-18-40
2026-03-27_19-28-41,71,shell.go:2026-03-27_19-28-41
2026-03-27_19-29-24,71,shell.go:2026-03-27_19-29-24
2026-03-27_19-29-52,85,shell.go:2026-03-27_19-29-52
2026-03-27_19-32-46,85,shell.go:2026-03-27_19-32-46
2026-03-27_19-32-57,85,shell.go:2026-03-27_19-32-57
2026-03-27_19-34-22,85,shell.go:2026-03-27_19-34-22
2026-03-27_19-35-15,85,shell.go:2026-03-27_19-35-15
2026-03-27_19-36-52,85,shell.go:2026-03-27_19-36-52
2026-03-27_19-37-22,85,shell.go:2026-03-27_19-37-22
2026-03-27_19-37-55,85,shell.go:2026-03-27_19-37-55
2026-03-27_19-39-52,0,shell.go:2026-03-27_19-39-52
2026-03-27_19-40-06,85,shell.go:2026-03-27_19-40-06
2026-03-27_19-41-00,100,shell.go:2026-03-27_19-41-00
